{
  "games_played": 1,
  "npc": {
    "aggr": 0.29212696655411996,
    "vision": 100.98470053678275,
    "speed": 1.2517031843960285
  },
  "stats": {
    "wins": 0,
    "losses": 0,
    "player_wins": 1
  },
  "ts": "2025-12-10T23:48:04.479265Z"
}